file,topic
1.pdf,1
2.pdf,1
3.pdf,1
4.pdf,1
5.pdf,1
6.pdf,1
7.pdf,1
8.pdf,1
9.pdf,1
10.pdf,1
11.pdf,1
12.pdf,1
13.pdf,1
0129f5f3e4df3922d8d5b84c542f7df1_MITES_113S16_Analysis.pdf,4
01f1a8fd7380219da4eed894eca0b34a_lec17.pdf,2
024eb6ac0d0bc2c01a140021acb110ee_lec13.pdf,2
02e4152408acdae62fc1361aaa3d0280_lec18.pdf,2
031b836f835c807392edcb435c8228b1_lec5.pdf,2
0349026b6816f94442dfd54b37a8698f_MIT1_018JF09_Lec10.pdf,0
039eff1fdab7d56d325955b8a8385dc8_MIT8_421S14_midterm2008.pdf,3
04f08eb58320ae3d6545a493e4a32013_MIT8_21s09_lec07.pdf,2
055d204e1ba0aacf66b0435304373ea0_MIT1_84JF13_Lec11_trop2.pdf,3
06015ba0c4ce73e69f14f44a1714cfcd_2_20_2002_edited.pdf,2
0795c1c28d5a7b18f1d2edd7923acb67_2_06_2002_edited.pdf,2
0799d1ccba55ee316ce83b992e996001_MITEC_715F19-one-health.pdf,0
07bfcb2cbf5320a271925b8ff7c5646a_MIT6_047F15_Lecture18.pdf,0
096ad9a29f27a91f0580f44cb56d9f27_lec13_handout.pdf,3
0afdbe7a9d0f564053a9b34a3cbe1a55_MITCC_112S13_Paper2.pdf,4
0cc9d63ae59ca8491b626b1d303e44f4_3_13_2002_edited.pdf,2
0d4976568e220050e36f86dfa7f648ed_MIT5_35F12_Module_2LS2.pdf,3
0f2a84ef3036ece17dcdc65922785f5f_lec5_handout.pdf,3
0f397e7b504aa9b146763705619d49ba_MIT6_858F14_lec6.pdf,1
10a23382a2263c7c3b7153f5efdc4081_MIT1_018JF09_Lec05.pdf,0
114e70dac5ed357ee5952c988c747ad1_lec19.pdf,2
115e512353d5deb01c0827af2152cb0f_MIT1_84JF13_Lec3_kinetics2.pdf,3
11d2983377f7b4a2799a8c7604d7e994_MIT8_421S14_homeWork2.pdf,2
11f5edb7aa83b6165daac8179b4fd685_lec6_handout.pdf,3
12679eb5c85834fd3a157d746f815a7d_MIT1_84JF13_Lec21_clmate1.pdf,3
133e478bc502ccd273e8ffc40824950c_MIT6_858F14_lec16.pdf,1
159a35816659132375ddbe46aa73d098_MIT24_00F19_lecturehandout12.pdf,4
15ad92a531dce47f1e339d2223125d6b_MIT1_018JF09_Lec12.pdf,0
15f85401c85af59a1059862e07d0a4a4_5_13_2002_edited.pdf,2
16eaf5d42079f043401a187a616c1565_lect5.pdf,0
1812c0fe15b67c5b73b983475243e19d_MIT6_858F14_lec13.pdf,1
18a908091e0258ba553794ac1cd0a517_MIT5_35F12_Module_1LS2.pdf,2
18c8cd00b14d48dc5865f3bdc41abd76_MIT18_404f20_lec5.pdf,2
18e9a03a5cf2f562533d85f128dd0562_MITCC_112S13_WritingAPaper.pdf,4
19d240526af4727bada2e21c5ce01968_11_373_day_13_ad.pdf,0
1bd9edad2c2bf24b7d06c66a7b60395b_MIT1_018JF09_Lec18.pdf,0
1be66135d420fdb3b5ec0c84743d9b34_MIT8_21s09_lec06.pdf,2
1d3a23e735445ef350de664d28c998f7_MIT1_84JF13_Lec18_aroslWatr.pdf,3
1e891b9e3def0dbed48105ab7e9dd6f0_lec14_handout.pdf,3
1f61b9fe3d7401cbc36a4baae320a09c_lect4.pdf,0
20185-subject-biol.pdf,0
21016-pdf.pdf,1
21a00a7bcd72ca0e910034f7e8cc9a94_MIT1_84JF13_Lec14_ozone.pdf,3
2275adfc73f1a4063aa030eb367f16ee_MIT24_00F19_lecturehandout18.pdf,4
2318ba47394c3c08fef9c25e59125530_MIT1_84JF13_Lec17_arosls.pdf,3
2376a141e65815474d4d05fd09c3f300_lec2.pdf,2
23a46e94a224837c4d488b8876f49ae5_5_06_2002_edited.pdf,2
268b1b598ffd96ff8735e48c21eaf2f9_MIT1_84JF13_Lec7_strat1.pdf,3
2733124ba0642f9bbbf4c540f39d8491_MIT6_858F14_lec18.pdf,1
29186232c96ed75fef36a05e9bbbc56a_5_08_2002_edited.pdf,2
29f23bd6d61df3f6bbb5124540d1e62e_11_373_day_6_med.pdf,0
2aa7a8f7491f06348be73ee84df9c4c1_MIT6_858F14_lec14.pdf,1
2ad7eaba000b770595a604bdb6a6f310_MIT1_84JF13_Lec2_kinetics1.pdf,3
2add246e1483f1a54b8f56838be7834f_lec14.pdf,2
2c6b0d5275947bbd6be0d181e10f12d8_MIT8_21s09_lec09.pdf,2
2c91bd942816c0cca14f216f098c0bf4_MIT6_857S14_Lec01.pdf,1
2d23babda903bc30af1cf93a5d1ad7e0_lec26.pdf,2
2eddab6441d8092607e1259aafceb280_MIT6_047F15_Lecture02.pdf,1
2f0573e2b6c0da5e50d708988af590a6_4_29_2002_edited.pdf,2
318809f1420dc08eac795206c14bbebd_MIT6_047F15_Lecture03.pdf,1
31a6df524a8ff4983819fa5724d00eef_MIT24_00F19_lecturehandout6.pdf,4
32197497b793cfe534c62f08f51e0527_11_373_day_4_exp.pdf,0
322912795aeec97d628e58f6845e2d8d_MIT24_00F19_lecturehandout10.pdf,4
3268781f881798b2aeecc787c7db9212_MIT8_421S14_homeWork4.pdf,2
32bb4ece2a16b9f8e17d195784d1932f_lec4_handout.pdf,3
34ce8164cd7d7b8fca909e6fe3fb3c66_MIT1_84JF13_Lec4_light1.pdf,3
3608221741dd7ce67b6ee2ff650d0e17_lec28.pdf,2
367a806180fc469c94de8f6ff85ca272_lec8.pdf,2
377cd531bee894041a983ec2587e3459_4_17_2002_edited.pdf,2
38dc03243b6248d2fe348ed4a76cbaa4_11_373_day_2_pol.pdf,0
3ab8452b4b29eb28a1416e4a1575323c_MIT18_404f20_lec8.pdf,1
3d0f7d95c25cee8883e47c8e6139f61d_sg_viii.pdf,3
3f7a5fdcbce88e173a60c454c89c59a6_lec8_handout.pdf,3
411512cd75fa5462605af52ccc238e38_MIT1_018JF09_Lec13_Slides.pdf,0
41f6f23f674ffda589bbfc32854b94a6_lec9.pdf,2
431e68d1b2d2a4fea70b83cb7da7e104_unit3_study_gd.pdf,3
432e422c5bf033cfb39c4c13a56b7077_MIT1_84JF13_Lec20_OA.pdf,3
44d332d60b55e600a88e1ee8fa72c36a_MIT6_857S14_Lec17.pdf,1
44f3286933ae429ff3cd163e8181ee46_MIT18_404f20_lec23.pdf,1
4520d985897ca291065d5defc2998100_MIT24_00F19_lecturehandout19.pdf,4
45399e7f5a40d0b045396b3f1352fdfa_5_15_2002_edited.pdf,2
458f7ff4a80d4aa31098314dae0f0d5f_lec20.pdf,2
45e2fd621349cfd7c9faf93a6ba134a3_MIT18_404f20_lec14.pdf,1
46984021a8ccf3cef0d5f77e4677dfda_MIT1_018JF09_Lec14_chemo.pdf,0
478b22ecde599466413770ed68da0fcb_lec27.pdf,2
47af5087555520732f868526283bc036_MIT5_35F12_Module_1LS1.pdf,3
49cdb778f30678b8d5519e9ade744f15_lec16_handout.pdf,3
49ff5c8ba85258a7e9da7e6463687420_MIT6_857S14_Lec03.pdf,1
4b8e8c3f668b50e6986256ee388585df_MIT6_857S14_Lec07.pdf,1
4c60171da92653f26eb3fffe1105f9fb_2_11_2002_edited.pdf,2
4c7ad57394df03e2bc2655d90c3f20af_lect9.pdf,0
4c8cc4387e2dc97cfd49d7b2ed2ff9bb_3_18_2002_edited.pdf,2
4d922119832362db083555b659710da7_MIT1_018JF09_Lec17.pdf,0
4f1d32d17702ad7cf7a129c5bc27b8b6_MITEC_715F19_lec2.pdf,0
50cb369d1be3c7fbe0886e318aea13c2_MIT18_404f20_lec22.pdf,1
54e0405255cfc37d264406da2fc96e6e_MIT24_00F19_lecturehandout8.pdf,4
556f9fb112b63651f88dbefdf0dad660_MIT8_21s09_lec01.pdf,2
56ef0d96f94f68b8aad396ccce2b71f1_MIT24_00F19_lecturehandout4.pdf,4
59c20763789375796a5a1bb0ef3a67bd_11_373_day_11_co.pdf,0
59ccf08b92254db44ed723077cf38545_MIT8_421S14_homeWork9.pdf,2
5aeb6cfcca1d5b52b937526d2de9d3dd_MIT6_857S14_Lec06.pdf,1
5b13b27dd04bd89470eaac7449b8d185_MITES_113S16_CategoriesSum.pdf,4
5c48da61d3532b22af63ad3792b99f6b_2_27_2002_edited.pdf,2
5e4bc5104e16fe7c6d9b6aea6695c548_MIT6_858F14_lec23.pdf,1
5f12e4547a66dbae821b21f65a71aa12_4_26_2002_edited.pdf,2
5f1c7066ae8eae6d0c0898c57f40b984_lect7.pdf,0
613af83067d48651937afafcfda1a20b_outline_sg_iv.pdf,3
6181008864a454530cb639d1e33ed2e3_MIT6_858F14_lec21.pdf,1
63a6219d391c8f1b3fc70a5fa0828d7b_lec1.pdf,2
64480493c348b18053c723da0d41e264_MIT8_21s09_lec08.pdf,2
65ece0c5fc0729d70766113914cc2f17_5_03_2002_edited.pdf,2
67001fcd838c877dabf796f143a032fc_MIT6_047F15_Lecture01.pdf,1
67e37a2911104255980e84d1e7a37891_MIT6_857S14_Lec11.pdf,1
68877da3b89601205c099b736ea3c21d_11_373_day_3_sci.pdf,0
6966ce0775e30a4d945190ee9f1cbbb8_MIT1_018JF09_Lec14.pdf,0
6a6f704a1b311bdde05f3c1fcfb47769_lec7.pdf,2
6c9d5651cfa53e49e59042119a02b2df_MIT6_047F15_Lecture09.pdf,1
6d95f57de45b1b7062e2fb644db8490f_2_15_2002_edited.pdf,2
6de23371ca388c391fb8d14ed40f2801_MIT1_84JF13_Lec22_clmate2.pdf,3
6eeed817fc58a14b4fafdcfa46d02e66_MIT24_00F19_lecturehandout21.pdf,4
6fcb52cf3191baebfe095dce35535cec_MIT24_00F19_lecturehandout7.pdf,4
6fe3ea2270721edf436a2e35030705a1_MIT1_018JF09_Lec03.pdf,0
707c2b5e8f4e7c76320b809ee5414baa_MIT1_018JF09_Lec01.pdf,0
708a2f0e84c390a7c12762e41d596f5c_lec31.pdf,2
720ffd9ddb139d9b3f080f79079dd25c_MIT1_018JF09_Lec07.pdf,0
7278be637b3ba371d16c9dd574705e23_MIT18_404f20_lec12.pdf,1
72fee2d5e45a5a099396f386b74af4b0_MIT8_21s09_lec12.pdf,2
735b4270bb6c50aa706c2b018a6a3955_unit2_study_gd.pdf,3
7405f6112c8ca7242e1edd9a021c1e63_MIT18_404f20_lec6.pdf,1
74658b0113118f2dd3ae7bcba4dc2a47_MIT1_84JF13_Lec10_trop1.pdf,3
7473e60630691e395e75d42e3e8f2469_3_08_2002_edited.pdf,2
74a924020a7aee1635b04dd713c43f1a_MIT1_84JF13_ProblemSet1.pdf,3
76bb428d6455f6769501ff959cc28fee_MIT8_21s09_lec02.pdf,2
76e4b3b4cd463e82c7c58361ed93fd29_MIT6_858F14_lec2.pdf,1
7756eb0ac75a84efd66131eb7ed7f210_MIT6_047F15_Lecture05.pdf,1
779043ea724131d008eae652d703938f_MIT18_404f20_lec11.pdf,1
77fb3eb17b085441a3af64cc6a4b052c_5_01_2002_edited.pdf,2
781d3a40ad923c6c75c972eaa3cf35d1_MIT1_018JF09_Lec11.pdf,0
788af1b5f2f760faea879f92b8ce99dc_4_01_2002_edited.pdf,2
78c0346bd81b6abcb2b1dde899adfc88_MIT18_404f20_lec7.pdf,1
78f4caee126b79c57142ba50ca974868_MIT1_018JF09_lec03_Photo.pdf,0
79a842b71ed61abd7039eb37f61a8b31_3_04_2002_edited.pdf,2
79c151cd4f734e638714102a96c88a8b_MITEC_715F19_lec6.pdf,0
7ab5ad88c5f1229757ecc4b79358c715_lec11.pdf,2
7ac944716e076209c3964e073929f42e_MIT18_404f20_lec26.pdf,1
7b8caa4944d08053f3f96f1f4cf60053_MIT8_421S14_homeWork1.pdf,2
7cc97751d30454f05c0d5e42838b63f6_2_19_2002_edited.pdf,2
7dd9f1bfe1d6dc00706b638e46114178_MIT24_00F19_lecturehandout11.pdf,4
7f0adbc1f927cb2e9da135e9d4c1ea72_MITEC_715F19_hygiene.pdf,0
7fe96705a82149e2de1d5f20ca34595b_MIT6_857S14_Lec02.pdf,1
8212b19fc5a34f500ca6acf03a3a7d74_MIT18_404f20_lec16.pdf,1
821449c017809d9e50fc3fb297fd3daa_lec15.pdf,2
830702b003769147f4b12e48f064bc0e_lec3.pdf,2
848c0ebaf1e2725f90000ea96ab54466_lec2_handout.pdf,3
85e496e47ce08a6cca23100caf124715_lect8.pdf,0
871e40a73ba839e7b4c28bc6586226bb_MITEC_715F19_lec5.pdf,0
889ee32c53cdb60663677d6c9cda2080_MITEC_715F19_lec1.pdf,0
88f789664d3236a64481714fc911d119_MIT18_404f20_lec18.pdf,1
896be4f19b6e93a60dedb32486f58664_MITEC_715F19_lec8.pdf,0
8b1aead3c772a291237d2bee6b30b067_MITCC_112S13_Paper1.pdf,4
8c7a26a2c64599694361251f2fbbd09e_4_03_2002_edited.pdf,2
8c884a2ad2dbd3fe7d7625798d74ad8e_MIT8_21s09_lec05.pdf,2
8cac7008d64588cccf993e74b327715e_MIT24_00F19_lecturehandout16.pdf,4
8cee7fe9db0bf87fccc332570b7d11ef_MIT6_858F14_lec3.pdf,1
8e6df84a723f5863763a499fc0bd48a8_lec33.pdf,2
90c61ac40ce7090c1d4067a3aff4b860_MIT24_00F19_lecturehandout17.pdf,4
92d6f475020898ef3733f61a31e21ea7_MIT1_018JF09_Lec04.pdf,0
93847d492650d51e651b82146b51f981_MIT8_421S14_homeWork7.pdf,2
9420b84f0431ddea174beace5eeaabda_MIT6_857S14_Lec12.pdf,1
9421a9acc54f57b71a0b95f298f0dbec_2_22_2002_edited.pdf,2
94254977fd72307b0206470bf33c9532_lec6.pdf,2
94dc08a6aded73bc9aea7cb22267245d_MIT6_047F15_Lecture07.pdf,1
95a7fad5e0b59b191465d5a5c94e199c_MIT1_84JF13_Lec5_light2.pdf,3
9600bfa3d9733b101f192fbf80da37f8_11_373_day_5_adv.pdf,0
96ce4833b2255e7c9fdb44d78f015f11_MIT24_00F19_lecturehandout13.pdf,4
98178416a1f8cadbe00e55cdec64e26d_prob_solving_ses.pdf,3
985c567f01d3ad47d737c3b33eb678ea_MIT18_404f20_lec21.pdf,1
990e4be207d2c073a26072da3602ec4d_MIT8_421S14_homeWork10.pdf,2
992544694fa1bc3fb4dec9e4d5a51d35_MIT6_857S14_Lec16.pdf,1
99672abb37fea2f249b7ab46eb623ef7_MIT6_858F14_lec20.pdf,1
9a71aa2b2989ce0d138e47ae82cf245d_MIT8_421S14_homeWork5.pdf,2
9adf25b5358f09f77762fce579aca9af_lec29.pdf,2
9b025394d997750b3cd765c7a074881f_MIT18_404f20_lec17.pdf,1
9bf73f91483e554d8c419ad3ae52c129_lec30.pdf,2
9c86d90420b62784a9fd18eb31f376b4_pset2.pdf,0
9e86411154d7fd2d937f7176a2391fca_sg_vi.pdf,3
9e8bfc7f6cead97649bee037f5a9fcc2_lec32.pdf,2
9fbaf8c988e7def90831f184444b294b_lec17_handout.pdf,3
a22fce6f6824c53dbb79a0da786966a6_MIT18_404f20_lec4.pdf,1
a416b04bb23692b3a424bae5a22539ba_lec16.pdf,2
a4879bda12822df08c67c6163d18183e_MIT8_421S14_midterm2012.pdf,2
a48f01c5374e72ee4f68a70bc0e38583_MIT18_404f20_lec10.pdf,1
a4e7edfab813e07e0ef8ad48560b41f3_MIT6_857S14_Lec13.pdf,1
a526654fdcc273259d1e2bc5b4989d4d_MIT6_857S14_Lec04.pdf,1
a6282404725cc0419a81321247ccfdd3_MIT24_00F19_lecturehandout2.pdf,4
a6ef483b88e9ee972eee39ca8c16be74_MIT1_84JF13_Lec1_intro.pdf,3
a77711ed3d212bf472f3485883a121e0_MIT18_404f20_lec3.pdf,1
a7b0e65382925cd9a90b4f846bb91495_11_373_day_1_cou.pdf,0
a97cf6d7984f608b9e319ca131dff15e_3_15_2002_edited.pdf,2
a9d63e18d04eb7cff4a87ddc7bb9f9bc_MIT1_84JF13_Lec8_strat2.pdf,3
aabc42b3391c9bbc2809c0926921c5c9_MIT6_047F15_Lecture04.pdf,1
aacb96d3796a658d1f3907ce517109a7_11_373_day_12_lo.pdf,0
ab1a46c5b9b76faf310705517cba1fde_MIT8_421S14_homeWork8.pdf,2
ab284a05a4dc0bb7e4d9ef96f6cd3563_2_08_2002_edited.pdf,2
ab4242e73c4ee4bb7b42d70f172d8efe_MIT24_00F19_lecturehandout15.pdf,4
acf5a53355eccbb12ad07317806dc294_lect1.pdf,0
ae4e4a91071c0aacdcd67e664ab96900_lec7_handout.pdf,3
af613d5bbf100539a9ac8c05ecfd1b64_MIT6_857S14_Lec05.pdf,1
b052805cf0fbf513df58ed78e9d39c1f_MIT1_84JF13_Lec6IPT.pdf,3
b12c6ad2b8ee1f6ad14f3e05e04da500_MIT8_421S14_homeWork3.pdf,2
b172949e5728814eb3f2f1989e38d570_MIT8_21s09_lec10.pdf,2
b1b69ed912fd0510b0b03662b8258369_MIT24_00F19_lecturehandout14.pdf,4
b3352e9f3737b04dc2d916a509927cc4_MIT8_21s09_lec11.pdf,2
b3c3ad23c29b4381e41b619e081cce13_MIT6_858F14_lec12.pdf,1
b3dfe29d1e788e9762b5b015fc5809e7_3_11_2002_edited.pdf,2
b47d7d09af2ccfe74326a7f8bc2fbf93_lec34.pdf,2
b4d9bf1573dccea21bee82cfba4224d4_MIT18_404f20_lec1.pdf,1
b5053bc3f3c29468545043e2666b0764_MIT6_857S14_Lec10.pdf,1
b61ab95ff57cd6641f071823ff1ecfee_lec23.pdf,2
b6a7c4cdf610331fe08d09ef4c90c58e_3_22_2002_edited.pdf,2
b6ac1c35f06ba38a91f18a508d15f834_2_25_2002_edited.pdf,2
b6c76b1481b708661b6d686de8833240_lec12.pdf,2
b6c8f4cce190bc9bea5b0ec3a20f3f5f_lec4.pdf,2
b89f5d5fe4c42c4fa8135150a77cb429_MIT1_84JF13_Lec12_orgo.pdf,3
b99bf9eff08d9f35df04a82e1d05f29e_3_06_2002_edited.pdf,2
ba51bd2a948bf3adb9c98ad7f0aef9d7_sg_vii.pdf,3
basics_of_electricity.pdf,2
be236b0d876b5dbc532a3ac9dec71320_MIT24_00F19_lecturehandout22.pdf,4
bf20035b33c4f232e1cb9b0d05dd477e_lect3.pdf,0
bf55f2e68d77b4801761712d3ee7b405_MIT1_84JF13_Lec16_acidFrmtn.pdf,3
BSCPH-102.pdf,2
c1aca7046a69c913721e5eb910a5fb21_MIT18_404f20_lec15.pdf,1
c53354320a738e2b43ce891740f1c79a_MIT8_21s09_lec04.pdf,2
c93d69b5c068247a369d33c75db56de2_lec24.pdf,2
c9b742bd624556b45ac75ea2fb133b32_MIT18_404f20_lec20.pdf,1
ca016d97ac06ccf746484dc89c790340_outline_sg_v.pdf,3
cbfe4302bc8bfa4dca3c3bfcfd4661a8_MIT18_404f20_lec24.pdf,1
cd2ebc0db312d1eb59930fca710f33c9_MIT24_00F19_lecturehandout3.pdf,4
ced9b183e19e78e8a22e1ad64ae25736_MIT6_047F15_Lecture17.pdf,1
cee23142d28a11c411833ac1b8f6f25d_lec25.pdf,2
cf3fbff0ba0e1c89aaa835a6015bbd94_pset3.pdf,0
d0717984d77434e6ed80db1aed69b5ab_2_13_2002_edited.pdf,2
d53ce3624f3079d55394446e0b704eab_lec21.pdf,2
d741901d23b4522588e267177c77d10d_MIT18_404f20_lec2.pdf,1
d7494639c20d637b30649cfdd05f649a_lec22.pdf,2
d9152a86e823284842012b6df47be99d_lec10.pdf,2
da874b7d2d828908801d6c685086a4b4_11_373_day_8_con.pdf,0
dacf28712c74d94ae88a474376a61cf0_MITES_113S16_Meno.pdf,4
dae35894f6f5d5d09bb9fc225c664fff_MIT18_404f20_lec9.pdf,1
dc8a375c836cb16e46d254fbc1e06847_MIT5_35F12_Module_1LS3.pdf,3
dd3637026acd6cf6aa43a3e28d176eb2_MIT1_84JF13_Lec13_nitrogen.pdf,3
dde8c3fc99c70f0a60c935480cd607cb_MIT1_018JF09_lec03_Redox.pdf,3
dfeaa7688956beba18440e04f46c1702_MIT24_00F19_lecturehandout9.pdf,4
e39b4c25ee76b7c5a09ae0e64fbdce70_MIT1_84JF13_Lec15_aqueus.pdf,3
e39c25643b2e2bb294d5b65af0220e57_MIT6_857S14_Lec15.pdf,1
e49416123bef3f1806a6ac5fcbf6d75c_11_373_day_10_in.pdf,0
e4c967c831a50ee682b55a85422c1a67_MIT5_35F12_Module_2LS1.pdf,3
e53dd96c18a69deb025a25f8be7a683d_MIT6_047F15_Lecture20.pdf,1
e59ea1c3e94bd1fb73e362ceabb8d7f9_MIT6_858F14_lec8.pdf,1
e67b1adfae82aed4851a6b635f55d247_MIT6_047F15_Lecture10.pdf,1
e69bd5e19d472d898b5ed62ac39dc7b8_MITES_113S16_InstructGuide.pdf,4
e843eb5aca0a72f39d377e40f1a8d1aa_MIT6_857S14_Lec08.pdf,1
e90c528e134e3ab39d215efab04a60b3_MIT1_84JF13_Lec19_inogacPrcls.pdf,3
e9cead0f67b179eb6163e05262f27056_MIT24_00F19_lecturehandout5.pdf,4
ea859fb77fdb008ac7721fc1b2a71e46_11_373_day_9_age.pdf,0
ecdff53d6d322b635596c538411f4409_MIT8_421S14_midterm2014.pdf,2
eee70ade54688452bd1199581db8d643_MIT6_857S14_Lec09.pdf,1
elec_1.pdf,2
f15695f7ccdb6f2509f5541942e50d03_MIT1_018JF09_Lec13.pdf,0
f311bba47ac4c587f5386fc2f1f644b6_MIT8_21s09_lec03.pdf,2
f45cec90f249a273199e1188b490ae21_11_373_day_7_pub.pdf,0
f469b7f2fa484327309b2c2d70e249b0_4_05_2002_edited.pdf,2
f5418f64bf38d2d6d8ff91db1f1ae92b_MIT24_00F19_lecturehandout20.pdf,4
f5f42a833d55ed2dcfa97e367845bd1d_MIT8_421S14_midterm2010.pdf,2
f6502464629d8fc5f03c157bd3c03fbd_MIT6_858F14_lec4.pdf,1
f88555d2c9e3264a5ce934344324c2e7_MIT6_857S14_Lec18.pdf,1
f89a32f76c59680dc70b11d2ce920953_MIT6_857S14_Lec14.pdf,1
f8cd941a21a671e60cc66ba76c395896_relativity.pdf,2
f98bcda36fdba59627cb14dbb8800bc9_MIT6_858F14_lec1.pdf,1
fa42d95747fd5e97ebd57c247f0c6d2a_MIT6_858F14_lec9.pdf,1
fa90abe739bba35d7974268ef01de170_MITES_113S16_Arithmos.pdf,4
fae7e5f49a2aac3030eb1c8fab2731da_MIT6_858F14_lec7.pdf,1
fc7921d885ea8f51dd73ec6a545d8ac9_MIT6_858F14_lec17.pdf,1
fd9c1b8656c7def498dcf662f6750d87_MIT18_404f20_lec19.pdf,1
fe6a7d62e3df817bd9c38340be9cb9b9_MIT24_00F19_lecturehandout1.pdf,4
fe9281999e2d720710e4b58de72aa7e0_MIT18_404f20_lec25.pdf,1
Fundamentals-of-Human-Biology_sneak_preview.pdf,0
Human-Anatomy-Lecture-Notes-update-2017.pdf,0
qmech.pdf,2
S0002-9904-1931-05166-1.pdf,4
waves_quantum.pdf,2